{"cameraMode":{"drawMode":0,"name":"Shaded","section":"Shading Mode"},"sceneLighting":false,"audioPlay":false,"sceneViewState":{"showFog":true,"showMaterialUpdate":false,"showSkybox":true,"showFlares":true,"showImageEffects":true,"showParticleSystems":true},"in2DMode":false,"pivot":{"x":10.138654708862305,"y":-8.348877906799317,"z":14.46184253692627},"rotation":{"x":0.3617399334907532,"y":0.22863303124904633,"z":-0.09198228269815445,"w":0.8991453051567078},"size":14.040970802307129,"orthographic":false}